unit,photo_filename,election_method,monaCd,name,photo_url,gender,unitCd,rownum,party,election_count,region,committees
제22대,강경숙.jpg,비례대표,,강경숙,https://www.assembly.go.kr/static/portal/img/openassm/new/thumb/68f83caf0c9e4546b1694ead863f45ce.jpg,여,100022,1,조국혁신당,초선,비례대표,교육위원회
제22대,강대식.png,지역구,,강대식,https://www.assembly.go.kr/static/portal/img/openassm/new/thumb/d1fe9f0902d84f0ba74f721d3298be7f.png,남,100022,2,국민의힘,재선,대구 동구군위군을,국방위원회
제22대,강득구.jpg,지역구,,강득구,https://www.assembly.go.kr/static/portal/img/openassm/new/thumb/0410a0c8e24b474cac2fd79c7700ca2f.jpg,남,100022,3,더불어민주당,재선,경기 안양시만안구,"기후위기 특별위원회, 기후에너지환경노동위원회"
제22대,강명구.jpg,지역구,,강명구,https://www.assembly.go.kr/static/portal/img/openassm/new/thumb/9f095290d68b47638983c7db100c2eb0.jpg,남,100022,4,국민의힘,초선,경북 구미시을,정무위원회
제22대,강민국.png,지역구,,강민국,https://www.assembly.go.kr/static/portal/img/openassm/new/thumb/70f21f66d1ea471192858adb6f379299.png,남,100022,5,국민의힘,재선,경남 진주시을,정무위원회
제22대,강선영.jpg,비례대표,,강선영,https://www.assembly.go.kr/static/portal/img/openassm/new/thumb/89a10eac7851470598886907100ae5ad.jpg,여,100022,6,국민의힘,초선,비례대표,"국방위원회, 윤석열정부의비상계엄선포를통한내란혐의진상규명국정조사특별위원회, 국회운영위원회"
제22대,강선우.jpg,지역구,,강선우,https://www.assembly.go.kr/static/portal/img/openassm/new/thumb/129a16b2bcda41578deb4f1f1009f297.jpg,여,100022,7,무소속,재선,서울 강서구갑,"연금개혁 특별위원회, 외교통일위원회"
제22대,강승규.jpg,지역구,,강승규,https://www.assembly.go.kr/static/portal/img/openassm/new/thumb/ec481315df7b49b4b1a0e8761f41ca49.jpg,남,100022,8,국민의힘,재선,충남 홍성군예산군,"산업통상자원중소벤처기업위원회, 예산결산특별위원회"
제22대,강준현.jpg,지역구,,강준현,https://www.assembly.go.kr/static/portal/img/openassm/new/thumb/cf61b325757141748e07e055e1541468.jpg,남,100022,9,더불어민주당,재선,세종특별자치시을,정무위원회
제22대,고동진.jpg,지역구,,고동진,https://www.assembly.go.kr/static/portal/img/openassm/new/thumb/2a2d5f92773341ee93ee4fcca8a5f4c5.jpg,남,100022,10,국민의힘,초선,서울 강남구병,행정안전위원회
제22대,고민정.jpg,,,고민정,https://www.assembly.go.kr/static/portal/img/openassm/new/thumb/d0dbd25d7bc04abdbf2775200feacebb.jpg,,100022,,더불어민주당,,,
제22대,곽규택.jpg,,,곽규택,https://www.assembly.go.kr/static/portal/img/openassm/new/thumb/fd163330861a4c5691ba7cfd0ad39ea6.jpg,,100022,,국민의힘,,,
제22대,곽상언.jpg,,,곽상언,https://www.assembly.go.kr/static/portal/img/openassm/new/thumb/6719771fc8dd4a80a824ac6716aa854b.jpg,,100022,,더불어민주당,,,
제22대,구자근.jpg,,,구자근,https://www.assembly.go.kr/static/portal/img/openassm/new/thumb/009fb2abbde940579802b3494f132e85.jpg,,100022,,국민의힘,,,
제22대,권성동.png,,,권성동,https://www.assembly.go.kr/static/portal/img/openassm/new/thumb/af3b64d8d85b45dcbccefb6646589be9.png,,100022,,국민의힘,,,
제22대,권영세.jpg,,,권영세,https://www.assembly.go.kr/static/portal/img/openassm/new/thumb/f58fcbb4b2f64d05a335da7099f679e7.jpg,,100022,,국민의힘,,,
제22대,권영진.png,,,권영진,https://www.assembly.go.kr/static/portal/img/openassm/new/thumb/3d91cfa36267481a8f860816e419f426.png,,100022,,국민의힘,,,
제22대,권칠승.png,,,권칠승,https://www.assembly.go.kr/static/portal/img/openassm/new/thumb/732a1459c8554b999d8c248d703d8fa2.png,,100022,,더불어민주당,,,
제22대,권향엽.jpg,,,권향엽,https://www.assembly.go.kr/static/portal/img/openassm/new/thumb/e25ff63bda9c446c81919549ba09c6c6.jpg,,100022,,더불어민주당,,,
제22대,김건.jpg,,,김건,https://www.assembly.go.kr/static/portal/img/openassm/new/thumb/6feef8ae3b40491c838984336e5efd6e.jpg,,100022,,국민의힘,,,
제22대,김교흥.jpg,,,김교흥,https://www.assembly.go.kr/static/portal/img/openassm/new/thumb/c2640d735bdc4520ad3838183f97ad54.jpg,,100022,,더불어민주당,,,
제22대,김기웅.png,,,김기웅,https://www.assembly.go.kr/static/portal/img/openassm/new/thumb/4e032a885456487ebe70f143ef373f92.png,,100022,,국민의힘,,,
제22대,김기표.png,,,김기표,https://www.assembly.go.kr/static/portal/img/openassm/new/thumb/f7a2f2d87cc04bd4a7e7715119a9dc6e.png,,100022,,더불어민주당,,,
제22대,김기현.jpg,,,김기현,https://www.assembly.go.kr/static/portal/img/openassm/new/thumb/57179e16dfac4bfb8ac08d903b93dd39.jpg,,100022,,국민의힘,,,
제22대,김남근.png,,,김남근,https://www.assembly.go.kr/static/portal/img/openassm/new/thumb/66bc8c4d4026465da6cfed67b0fbfe5e.png,,100022,,더불어민주당,,,
제22대,김남희.jpg,,,김남희,https://www.assembly.go.kr/static/portal/img/openassm/new/thumb/42bdeca2bfe9430781fe748ae694988d.jpg,,100022,,더불어민주당,,,
제22대,김대식.png,,,김대식,https://www.assembly.go.kr/static/portal/img/openassm/new/thumb/a3a98ad4d2b24e3ba8de8de37631a192.png,,100022,,국민의힘,,,
제22대,김도읍.png,,,김도읍,https://www.assembly.go.kr/static/portal/img/openassm/new/thumb/63a47955a6b94df381c8f17c18bc1774.png,,100022,,국민의힘,,,
제22대,김동아.png,,,김동아,https://www.assembly.go.kr/static/portal/img/openassm/new/thumb/2aa44f38f64049829c3acf45b19aba20.png,,100022,,더불어민주당,,,
제22대,김문수.jpg,,,김문수,https://www.assembly.go.kr/static/portal/img/openassm/new/thumb/01cf2f6720564fc99c3de46ac3d1e95b.jpg,,100022,,더불어민주당,,,
제22대,김미애.png,,,김미애,https://www.assembly.go.kr/static/portal/img/openassm/new/thumb/c1a5f2ce1f3c439cbe027e15722925f9.png,,100022,,국민의힘,,,
제22대,김민석.jpg,,,김민석,https://www.assembly.go.kr/static/portal/img/openassm/new/thumb/fee10a80d81d435885696adb29a6eb41.jpg,,100022,,더불어민주당,,,
제22대,김민전.jpg,,,김민전,https://www.assembly.go.kr/static/portal/img/openassm/new/thumb/d856bf1d1b14476f84af3c07c1ea864e.jpg,,100022,,국민의힘,,,
제22대,김병기.png,,,김병기,https://www.assembly.go.kr/static/portal/img/openassm/new/thumb/cbfebf9f86b047648b600a3879b7cfd2.png,,100022,,무소속,,,
제22대,김병주.png,,,김병주,https://www.assembly.go.kr/static/portal/img/openassm/new/thumb/2863494ebe84423d91ae48f2fb84b94e.png,,100022,,더불어민주당,,,
제22대,김상욱.jpg,,,김상욱,https://www.assembly.go.kr/static/portal/img/openassm/new/thumb/9f4c19508e9b4954a9e69af09737b00c.jpg,,100022,,더불어민주당,,,
제22대,김상훈.jpg,,,김상훈,https://www.assembly.go.kr/static/portal/img/openassm/new/thumb/3c232b2892bb448f8d66df3661218621.jpg,,100022,,국민의힘,,,
제22대,김석기.jpg,,,김석기,https://www.assembly.go.kr/static/portal/img/openassm/new/thumb/e5a17e900d0e433bb13e351466729064.jpg,,100022,,국민의힘,,,
제22대,김선교.jpg,,,김선교,https://www.assembly.go.kr/static/portal/img/openassm/new/thumb/c46ff6eaebc3441393b42d4e36d7a8c6.jpg,,100022,,국민의힘,,,
제22대,김선민.jpg,,,김선민,https://www.assembly.go.kr/static/portal/img/openassm/new/thumb/ae483328582e4add9e57312dfdd896a0.jpg,,100022,,조국혁신당,,,
제22대,김성원.jpg,,,김성원,https://www.assembly.go.kr/static/portal/img/openassm/new/thumb/0883fdfd169248c19f2311f26e1c2577.jpg,,100022,,국민의힘,,,
제22대,김성환.jpg,,,김성환,https://www.assembly.go.kr/static/portal/img/openassm/new/thumb/0513170b1fad49f89f162bdde50c6e4b.jpg,,100022,,더불어민주당,,,
제22대,김성회.jpg,,,김성회,https://www.assembly.go.kr/static/portal/img/openassm/new/thumb/b263e390ed2a4a4ea6e789d7447c6093.jpg,,100022,,더불어민주당,,,
제22대,김소희.jpg,,,김소희,https://www.assembly.go.kr/static/portal/img/openassm/new/thumb/d742a583478b4cf3b42227cccb6b7e50.jpg,,100022,,국민의힘,,,
제22대,김승수.jpg,,,김승수,https://www.assembly.go.kr/static/portal/img/openassm/new/thumb/ed6fa85a063842c59f5cfc4cca90eafb.jpg,,100022,,국민의힘,,,
제22대,김승원.jpg,,,김승원,https://www.assembly.go.kr/static/portal/img/openassm/new/thumb/06249610045b4c5487f9586046460423.jpg,,100022,,더불어민주당,,,
제22대,김영배.jpg,,,김영배,https://www.assembly.go.kr/static/portal/img/openassm/new/thumb/c0f3221352c04fc1bb9b67d8342c75ff.jpg,,100022,,더불어민주당,,,
제22대,김영진.jpg,,,김영진,https://www.assembly.go.kr/static/portal/img/openassm/new/thumb/4a532fc2b0bf46fd81d7d51ea73c61be.jpg,,100022,,더불어민주당,,,
제22대,김영호.png,,,김영호,https://www.assembly.go.kr/static/portal/img/openassm/new/thumb/3567968cbf624c2a93cc299e39bee78f.png,,100022,,더불어민주당,,,
제22대,김영환.png,,,김영환,https://www.assembly.go.kr/static/portal/img/openassm/new/thumb/8d40913b87064f63bc8f988579103d76.png,,100022,,더불어민주당,,,
제22대,김예지.png,,,김예지,https://www.assembly.go.kr/static/portal/img/openassm/new/thumb/60f31aa879394f96a70c17d436618e3c.png,,100022,,국민의힘,,,
제22대,김용만.png,,,김용만,https://www.assembly.go.kr/static/portal/img/openassm/new/thumb/06d58e54e7724b3a81f1a82eff0a40af.png,,100022,,더불어민주당,,,
제22대,김용민.png,,,김용민,https://www.assembly.go.kr/static/portal/img/openassm/new/thumb/e8f8918e741b4ae9b72377d8ec299645.png,,100022,,더불어민주당,,,
제22대,김용태.jpg,,,김용태,https://www.assembly.go.kr/static/portal/img/openassm/new/thumb/ef99cb0a6cee471bb9769a46bc62c459.jpg,,100022,,국민의힘,,,
제22대,김우영.jpg,,,김우영,https://www.assembly.go.kr/static/portal/img/openassm/new/thumb/40b8f61bbb444b429d9fc87fe4dff506.jpg,,100022,,더불어민주당,,,
제22대,김원이.jpg,,,김원이,https://www.assembly.go.kr/static/portal/img/openassm/new/thumb/dfa2409a04254cf0bdb4ad2f86092099.jpg,,100022,,더불어민주당,,,
제22대,김위상.jpg,,,김위상,https://www.assembly.go.kr/static/portal/img/openassm/new/thumb/07d4a29b1eff40818929270b633dca60.jpg,,100022,,국민의힘,,,
제22대,김윤.png,,,김윤,https://www.assembly.go.kr/static/portal/img/openassm/new/thumb/fc2eace7308a4cbb8ddd26e79a5d08bd.png,,100022,,더불어민주당,,,
제22대,김윤덕.jpg,,,김윤덕,https://www.assembly.go.kr/static/portal/img/openassm/new/thumb/dea1db9948874498ad1aa3a24c7409a3.jpg,,100022,,더불어민주당,,,
제22대,김은혜.jpg,,,김은혜,https://www.assembly.go.kr/static/portal/img/openassm/new/thumb/2d0fedee640c4683b571177b2f21e1c2.jpg,,100022,,국민의힘,,,
제22대,김장겸.jpg,,,김장겸,https://www.assembly.go.kr/static/portal/img/openassm/new/thumb/51872f0dbc5948d0b7e94700969cf6ec.jpg,,100022,,국민의힘,,,
제22대,김재섭.png,,,김재섭,https://www.assembly.go.kr/static/portal/img/openassm/new/thumb/4dda6952ecb54d03a2bfc80764322300.png,,100022,,국민의힘,,,
제22대,김재원.jpg,,,김재원,https://www.assembly.go.kr/static/portal/img/openassm/new/thumb/f892da7b219f47db8555860bf05260e3.jpg,,100022,,조국혁신당,,,
제22대,김정재.png,,,김정재,https://www.assembly.go.kr/static/portal/img/openassm/new/thumb/82a52130b3cd42949f08c91c95b1bd54.png,,100022,,국민의힘,,,
제22대,김정호.png,,,김정호,https://www.assembly.go.kr/static/portal/img/openassm/new/thumb/7d6d00c690814834bdd1fb1c5905a5ef.png,,100022,,더불어민주당,,,
제22대,김종민.png,,,김종민,https://www.assembly.go.kr/static/portal/img/openassm/new/thumb/33a7a75a274846b7981941b4c5ea6971.png,,100022,,무소속,,,
제22대,김종양.jpg,,,김종양,https://www.assembly.go.kr/static/portal/img/openassm/new/thumb/d552d62c9a174c3e95f785adaeb18ccf.jpg,,100022,,국민의힘,,,
제22대,김주영.jpg,,,김주영,https://www.assembly.go.kr/static/portal/img/openassm/new/thumb/a3a36296e15c4c2990676f4047e80a4b.jpg,,100022,,더불어민주당,,,
제22대,김준혁.jpg,,,김준혁,https://www.assembly.go.kr/static/portal/img/openassm/new/thumb/7319b4af128146fb93e3d9baa9982383.jpg,,100022,,더불어민주당,,,
제22대,김준형.jpg,,,김준형,https://www.assembly.go.kr/static/portal/img/openassm/new/thumb/7e2d7f243fdf4eaba8fb034549668444.jpg,,100022,,조국혁신당,,,
제22대,김태년.jpg,,,김태년,https://www.assembly.go.kr/static/portal/img/openassm/new/thumb/f8d696606fc742ec87659bd32ff95ae6.jpg,,100022,,더불어민주당,,,
제22대,김태선.jpg,,,김태선,https://www.assembly.go.kr/static/portal/img/openassm/new/thumb/dad545c45b274b35bf2e336bee9b68ed.jpg,,100022,,더불어민주당,,,
제22대,김태호.png,,,김태호,https://www.assembly.go.kr/static/portal/img/openassm/new/thumb/f400573a310e49048ac59ffe27438e82.png,,100022,,국민의힘,,,
제22대,김한규.jpg,,,김한규,https://www.assembly.go.kr/static/portal/img/openassm/new/thumb/a88775f9492644cabaca88dd09fa9d36.jpg,,100022,,더불어민주당,,,
제22대,김현.jpg,,,김현,https://www.assembly.go.kr/static/portal/img/openassm/new/thumb/1f184c9b9ef14a2b999ccf0c4fdd7870.jpg,,100022,,더불어민주당,,,
제22대,김현정.jpg,,,김현정,https://www.assembly.go.kr/static/portal/img/openassm/new/thumb/4301a55abe234eafb080864d7b26a27c.jpg,,100022,,더불어민주당,,,
제22대,김형동.jpg,,,김형동,https://www.assembly.go.kr/static/portal/img/openassm/new/thumb/a8666f5ad131416fb853f840dc4d66e6.jpg,,100022,,국민의힘,,,
제22대,김희정.jpg,,,김희정,https://www.assembly.go.kr/static/portal/img/openassm/new/thumb/b30ba14b467a4303b40bdbceedfdc68c.jpg,,100022,,국민의힘,,,
제22대,나경원.png,,,나경원,https://www.assembly.go.kr/static/portal/img/openassm/new/thumb/563d61a4466c42c8be2c4979c00e5060.png,,100022,,국민의힘,,,
제22대,남인순.jpg,,,남인순,https://www.assembly.go.kr/static/portal/img/openassm/new/thumb/b265059dddd24f329d9361e3d0f62e4e.jpg,,100022,,더불어민주당,,,
제22대,노종면.jpg,,,노종면,https://www.assembly.go.kr/static/portal/img/openassm/new/thumb/4abfcdd3a1e84d28901c894e8c1189fe.jpg,,100022,,더불어민주당,,,
제22대,맹성규.jpg,,,맹성규,https://www.assembly.go.kr/static/portal/img/openassm/new/thumb/250f36e411ab4b34bf0eb7fcadfbadf7.jpg,,100022,,더불어민주당,,,
제22대,모경종.jpg,,,모경종,https://www.assembly.go.kr/static/portal/img/openassm/new/thumb/776af614628b4030a71734c4634c639e.jpg,,100022,,더불어민주당,,,
제22대,문금주.jpg,,,문금주,https://www.assembly.go.kr/static/portal/img/openassm/new/thumb/e1710b2722c74ea79c98bdc53e0425ad.jpg,,100022,,더불어민주당,,,
제22대,문대림.jpg,,,문대림,https://www.assembly.go.kr/static/portal/img/openassm/new/thumb/5c44086f31074ae99db902a7fcb4712a.jpg,,100022,,더불어민주당,,,
제22대,문정복.png,,,문정복,https://www.assembly.go.kr/static/portal/img/openassm/new/thumb/20e051935a914f069c35c6e00dc22d70.png,,100022,,더불어민주당,,,
제22대,문진석.jpg,,,문진석,https://www.assembly.go.kr/static/portal/img/openassm/new/thumb/81cfd832d09349ba95e28a111b700bfc.jpg,,100022,,더불어민주당,,,
제22대,민병덕.jpg,,,민병덕,https://www.assembly.go.kr/static/portal/img/openassm/new/thumb/79413446d5564edd90faa2a1b279f9e8.jpg,,100022,,더불어민주당,,,
제22대,민형배.png,,,민형배,https://www.assembly.go.kr/static/portal/img/openassm/new/thumb/d8e518134ac540cc8f68fa4655e351df.png,,100022,,더불어민주당,,,
제22대,민홍철.jpg,,,민홍철,https://www.assembly.go.kr/static/portal/img/openassm/new/thumb/1f07bdf68cd4426d9922e933e8647783.jpg,,100022,,더불어민주당,,,
제22대,박균택.jpg,,,박균택,https://www.assembly.go.kr/static/portal/img/openassm/new/thumb/1fc1ffba74a04538b306849f153a42dd.jpg,,100022,,더불어민주당,,,
제22대,박대출.png,,,박대출,https://www.assembly.go.kr/static/portal/img/openassm/new/thumb/8abadb32da7241088899ad56720b57e1.png,,100022,,국민의힘,,,
제22대,박덕흠.jpg,,,박덕흠,https://www.assembly.go.kr/static/portal/img/openassm/new/thumb/ad05c3a202f641aca68b663b1fe9c36b.jpg,,100022,,국민의힘,,,
제22대,박민규.png,,,박민규,https://www.assembly.go.kr/static/portal/img/openassm/new/thumb/2c226f9600c64c52b8bfeee6b8f2eedd.png,,100022,,더불어민주당,,,
제22대,박범계.png,,,박범계,https://www.assembly.go.kr/static/portal/img/openassm/new/thumb/7eee4819fa59498b8797a0551bec7056.png,,100022,,더불어민주당,,,
제22대,박상웅.jpg,,,박상웅,https://www.assembly.go.kr/static/portal/img/openassm/new/thumb/8547330068044169b78f59594e3e4076.jpg,,100022,,국민의힘,,,
제22대,박상혁.jpg,,,박상혁,https://www.assembly.go.kr/static/portal/img/openassm/new/thumb/963e0c49236e4f5a83fb777e6225456b.jpg,,100022,,더불어민주당,,,
제22대,박선원.png,,,박선원,https://www.assembly.go.kr/static/portal/img/openassm/new/thumb/107f88df05484eaeaf4fdcbb158b1221.png,,100022,,더불어민주당,,,
제22대,박성민.png,,,박성민,https://www.assembly.go.kr/static/portal/img/openassm/new/thumb/be7cbbb1752146ae809622d1e3da80d4.png,,100022,,국민의힘,,,
제22대,박성준.png,,,박성준,https://www.assembly.go.kr/static/portal/img/openassm/new/thumb/519d508d60414f3bb2a4d8a578db1534.png,,100022,,더불어민주당,,,
제22대,박성훈.png,,,박성훈,https://www.assembly.go.kr/static/portal/img/openassm/new/thumb/6b196b02e4744aeebe20983e2f9ad5b8.png,,100022,,국민의힘,,,
제22대,박수민.jpg,,,박수민,https://www.assembly.go.kr/static/portal/img/openassm/new/thumb/9ad8cb999cab47f6b28aa03733c969d0.jpg,,100022,,국민의힘,,,
제22대,박수영.png,,,박수영,https://www.assembly.go.kr/static/portal/img/openassm/new/thumb/ada2071b2a3345ef86191fe5618bdf83.png,,100022,,국민의힘,,,
제22대,박수현.png,,,박수현,https://www.assembly.go.kr/static/portal/img/openassm/new/thumb/fce62d1303d84cbbb2a7bec9417b91ff.png,,100022,,더불어민주당,,,
제22대,박용갑.jpg,,,박용갑,https://www.assembly.go.kr/static/portal/img/openassm/new/thumb/61ae3968052447c2b150bca49ff6aa7f.jpg,,100022,,더불어민주당,,,
제22대,박은정.jpg,,,박은정,https://www.assembly.go.kr/static/portal/img/openassm/new/thumb/c91b35b0eade44af889beb6014d4943f.jpg,,100022,,조국혁신당,,,
제22대,박정.jpg,,,박정,https://www.assembly.go.kr/static/portal/img/openassm/new/thumb/152aafe19d524e949398c1807d54fc7a.jpg,,100022,,더불어민주당,,,
제22대,박정하.jpg,,,박정하,https://www.assembly.go.kr/static/portal/img/openassm/new/thumb/7f00916d90f54cac993195490511242b.jpg,,100022,,국민의힘,,,
제22대,박정현.jpg,,,박정현,https://www.assembly.go.kr/static/portal/img/openassm/new/thumb/b04cd2781caa4dfab09e5cd6442c7774.jpg,,100022,,더불어민주당,,,
제22대,박정훈.jpg,,,박정훈,https://www.assembly.go.kr/static/portal/img/openassm/new/thumb/2933458ec5044bdeb30564f216848655.jpg,,100022,,국민의힘,,,
제22대,박주민.png,,,박주민,https://www.assembly.go.kr/static/portal/img/openassm/new/thumb/4e926bae67ad43a6a87ad68da8d0c0fe.png,,100022,,더불어민주당,,,
제22대,박준태.png,,,박준태,https://www.assembly.go.kr/static/portal/img/openassm/new/thumb/689958442da64be4b0a1aaeb2003038a.png,,100022,,국민의힘,,,
제22대,박지원.png,,,박지원,https://www.assembly.go.kr/static/portal/img/openassm/new/thumb/d56ba73af8fc481bbad0165c9ed6fbe2.png,,100022,,더불어민주당,,,
제22대,박지혜.jpg,,,박지혜,https://www.assembly.go.kr/static/portal/img/openassm/new/thumb/232e4610e5ac40a19ad9402138d3c861.jpg,,100022,,더불어민주당,,,
제22대,박찬대.png,,,박찬대,https://www.assembly.go.kr/static/portal/img/openassm/new/thumb/df6098be66f542dea93990a7745f239c.png,,100022,,더불어민주당,,,
제22대,박충권.jpg,,,박충권,https://www.assembly.go.kr/static/portal/img/openassm/new/thumb/b51683ab9a42410bbf52570a33ca2c48.jpg,,100022,,국민의힘,,,
제22대,박해철.jpg,,,박해철,https://www.assembly.go.kr/static/portal/img/openassm/new/thumb/e05f6f3cbcab4c9aab8d0080cbbafb0f.jpg,,100022,,더불어민주당,,,
제22대,박형수.jpg,,,박형수,https://www.assembly.go.kr/static/portal/img/openassm/new/thumb/45a932e98e3545108741802f7193bf09.jpg,,100022,,국민의힘,,,
제22대,박홍근.png,,,박홍근,https://www.assembly.go.kr/static/portal/img/openassm/new/thumb/a89c83870d3e4e9daba17c809e11ffd7.png,,100022,,더불어민주당,,,
제22대,박홍배.jpg,,,박홍배,https://www.assembly.go.kr/static/portal/img/openassm/new/thumb/cdaf530a93c04f1cb5cb4795fa2cdc5e.jpg,,100022,,더불어민주당,,,
제22대,박희승.jpg,,,박희승,https://www.assembly.go.kr/static/portal/img/openassm/new/thumb/bf9aa018b72e42a5a91c90fc4c70c626.jpg,,100022,,더불어민주당,,,
제22대,배준영.png,,,배준영,https://www.assembly.go.kr/static/portal/img/openassm/new/thumb/c0680ca1b0ca410191f6597484db924f.png,,100022,,국민의힘,,,
제22대,배현진.png,,,배현진,https://www.assembly.go.kr/static/portal/img/openassm/new/thumb/fc08975adb724900bfacc85909c69d02.png,,100022,,국민의힘,,,
제22대,백선희.jpg,,,백선희,https://www.assembly.go.kr/static/portal/img/openassm/new/thumb/446b8aed67c64e6097539b99b0eb97a7.jpg,,100022,,조국혁신당,,,
제22대,백승아.png,,,백승아,https://www.assembly.go.kr/static/portal/img/openassm/new/thumb/82158c1c40eb4ce49cdcac02d8768457.png,,100022,,더불어민주당,,,
제22대,백종헌.jpg,,,백종헌,https://www.assembly.go.kr/static/portal/img/openassm/new/thumb/335e79371cec41a7991431788b9fead9.jpg,,100022,,국민의힘,,,
제22대,백혜련.jpg,,,백혜련,https://www.assembly.go.kr/static/portal/img/openassm/new/thumb/968e99ee8f8b4b6e9d4ce7eb16a92864.jpg,,100022,,더불어민주당,,,
제22대,복기왕.png,,,복기왕,https://www.assembly.go.kr/static/portal/img/openassm/new/thumb/3ac9053137f440a69ea0aa559fa65933.png,,100022,,더불어민주당,,,
제22대,부승찬.jpg,,,부승찬,https://www.assembly.go.kr/static/portal/img/openassm/new/thumb/cad33fb09aa749e7961c0f67a6c6bbb9.jpg,,100022,,더불어민주당,,,
제22대,서명옥.jpg,,,서명옥,https://www.assembly.go.kr/static/portal/img/openassm/new/thumb/6dce07c39f264381aeba58b69c846cd0.jpg,,100022,,국민의힘,,,
제22대,서미화.jpg,,,서미화,https://www.assembly.go.kr/static/portal/img/openassm/new/thumb/0694f551f21c40b2a4bbccd2e90ce40c.jpg,,100022,,더불어민주당,,,
제22대,서범수.jpg,,,서범수,https://www.assembly.go.kr/static/portal/img/openassm/new/thumb/dc9bc21d63ef4cd5968a27eadd34e0f6.jpg,,100022,,국민의힘,,,
제22대,서삼석.jpg,,,서삼석,https://www.assembly.go.kr/static/portal/img/openassm/new/thumb/3733addd041f4802ade12300546171b1.jpg,,100022,,더불어민주당,,,
제22대,서영교.jpg,,,서영교,https://www.assembly.go.kr/static/portal/img/openassm/new/thumb/c061e90cf359465fa1408c443a4a7857.jpg,,100022,,더불어민주당,,,
제22대,서영석.jpg,,,서영석,https://www.assembly.go.kr/static/portal/img/openassm/new/thumb/bdf94a0756144b4a9ff6e71eb8bed16e.jpg,,100022,,더불어민주당,,,
제22대,서왕진.jpg,,,서왕진,https://www.assembly.go.kr/static/portal/img/openassm/new/thumb/e1f391e91c644541ab6208a90e78daaa.jpg,,100022,,조국혁신당,,,
제22대,서일준.jpg,,,서일준,https://www.assembly.go.kr/static/portal/img/openassm/new/thumb/fcbf1b4b1aa24151a28e85b4d190291c.jpg,,100022,,국민의힘,,,
제22대,서지영.png,,,서지영,https://www.assembly.go.kr/static/portal/img/openassm/new/thumb/a7e0edac99dd4fb89cbbc8bec657f222.png,,100022,,국민의힘,,,
제22대,서천호.jpg,,,서천호,https://www.assembly.go.kr/static/portal/img/openassm/new/thumb/45d0d0758d9b4e1e8e2b86434770e2fc.jpg,,100022,,국민의힘,,,
제22대,성일종.jpg,,,성일종,https://www.assembly.go.kr/static/portal/img/openassm/new/thumb/8ac7d150f3434b12a31e2d441beea36c.jpg,,100022,,국민의힘,,,
제22대,소병훈.jpg,,,소병훈,https://www.assembly.go.kr/static/portal/img/openassm/new/thumb/a8512c3a87fe463c9d063ecb7a34680c.jpg,,100022,,더불어민주당,,,
제22대,손명수.jpg,,,손명수,https://www.assembly.go.kr/static/portal/img/openassm/new/thumb/10ede2449d5f4572a8c4e95dead683fd.jpg,,100022,,더불어민주당,,,
제22대,손솔.jpg,,,손솔,https://www.assembly.go.kr/static/portal/img/openassm/2KM3589W.jpg,,100022,,진보당,,,
제22대,송기헌.png,,,송기헌,https://www.assembly.go.kr/static/portal/img/openassm/new/thumb/02f408aec61446c0b0459b5bdffa4893.png,,100022,,더불어민주당,,,
제22대,송석준.png,,,송석준,https://www.assembly.go.kr/static/portal/img/openassm/new/thumb/21eedc628d844950876d6cdb52a5988a.png,,100022,,국민의힘,,,
제22대,송언석.JPG,,,송언석,https://www.assembly.go.kr/static/portal/img/openassm/new/thumb/b3c309f7dfd34dd486d7f60acfcd3254.JPG,,100022,,국민의힘,,,
제22대,송옥주.jpg,,,송옥주,https://www.assembly.go.kr/static/portal/img/openassm/new/thumb/93e541edffd440d6b5ee9a683b5342ae.jpg,,100022,,더불어민주당,,,
제22대,송재봉.jpg,,,송재봉,https://www.assembly.go.kr/static/portal/img/openassm/new/thumb/1b5dc3ccbeee45bdb053ba17a4f11bb3.jpg,,100022,,더불어민주당,,,
제22대,신동욱.jpg,,,신동욱,https://www.assembly.go.kr/static/portal/img/openassm/new/thumb/bef0ced14c4241cbbc5181e2bc9805ef.jpg,,100022,,국민의힘,,,
제22대,신성범.jpg,,,신성범,https://www.assembly.go.kr/static/portal/img/openassm/new/thumb/90ebb7eaa3a648f5a96eea2037be33bf.jpg,,100022,,국민의힘,,,
제22대,신장식.jpg,,,신장식,https://www.assembly.go.kr/static/portal/img/openassm/new/thumb/b7e182c9e46d4c1d9cb850a67bb8706b.jpg,,100022,,조국혁신당,,,
제22대,신정훈.jpg,,,신정훈,https://www.assembly.go.kr/static/portal/img/openassm/new/thumb/c5cd673d75bd44bc9a7ab580f39eb663.jpg,,100022,,더불어민주당,,,
제22대,안규백.jpg,,,안규백,https://www.assembly.go.kr/static/portal/img/openassm/new/thumb/2693865ca1a74cc2af5dc21a27502a30.jpg,,100022,,더불어민주당,,,
제22대,안도걸.png,,,안도걸,https://www.assembly.go.kr/static/portal/img/openassm/new/thumb/be93bec1113e4085ad599f4971a4d71d.png,,100022,,더불어민주당,,,
제22대,안상훈.png,,,안상훈,https://www.assembly.go.kr/static/portal/img/openassm/new/thumb/ba1a4675a60a42d8ad14b64f5f35a93c.png,,100022,,국민의힘,,,
제22대,안철수.jpg,,,안철수,https://www.assembly.go.kr/static/portal/img/openassm/new/thumb/e9f57c2b700c44c0845665b068385524.jpg,,100022,,국민의힘,,,
제22대,안태준.png,,,안태준,https://www.assembly.go.kr/static/portal/img/openassm/new/thumb/0745032e5c7446fb83356bd42431f3a2.png,,100022,,더불어민주당,,,
제22대,안호영.png,,,안호영,https://www.assembly.go.kr/static/portal/img/openassm/new/thumb/1fe2778d67b2471897c5cc387b440f78.png,,100022,,더불어민주당,,,
제22대,양문석.png,,,양문석,https://www.assembly.go.kr/static/portal/img/openassm/new/thumb/d998c51131e74bd189b37209e57182f7.png,,100022,,더불어민주당,,,
제22대,양부남.png,,,양부남,https://www.assembly.go.kr/static/portal/img/openassm/new/thumb/ad5f325b02c94cc6b30b15196c1ad19c.png,,100022,,더불어민주당,,,
제22대,어기구.jpg,,,어기구,https://www.assembly.go.kr/static/portal/img/openassm/new/thumb/11132cfead5b4e7abbbf2021ab37033c.jpg,,100022,,더불어민주당,,,
제22대,엄태영.png,,,엄태영,https://www.assembly.go.kr/static/portal/img/openassm/new/thumb/1c796117e6084fc0b8d6b5ee4e44c077.png,,100022,,국민의힘,,,
제22대,염태영.png,,,염태영,https://www.assembly.go.kr/static/portal/img/openassm/new/thumb/62507d5c8b1a48958d932ba76476a7a1.png,,100022,,더불어민주당,,,
제22대,오기형.jpg,,,오기형,https://www.assembly.go.kr/static/portal/img/openassm/new/thumb/d1e20e55ce3d4ab3b4fce9b81cbf2989.jpg,,100022,,더불어민주당,,,
제22대,오세희.png,,,오세희,https://www.assembly.go.kr/static/portal/img/openassm/new/thumb/ece2da5f35844a57afbad380771f062c.png,,100022,,더불어민주당,,,
제22대,용혜인.png,,,용혜인,https://www.assembly.go.kr/static/portal/img/openassm/new/thumb/b71fbe23a11d45a9935a24fcfac4447b.png,,100022,,기본소득당,,,
제22대,우원식.png,,,우원식,https://www.assembly.go.kr/static/portal/img/openassm/new/thumb/3fd6bfb1196144ea9282aac6e4eaf5ef.png,,100022,,무소속,,,
제22대,우재준.png,,,우재준,https://www.assembly.go.kr/static/portal/img/openassm/new/thumb/2ef1338017ed47cfb9106a90b6262bd7.png,,100022,,국민의힘,,,
제22대,위성곤.jpg,,,위성곤,https://www.assembly.go.kr/static/portal/img/openassm/new/thumb/26841957c287473db75fad6182189804.jpg,,100022,,더불어민주당,,,
제22대,유동수.png,,,유동수,https://www.assembly.go.kr/static/portal/img/openassm/new/thumb/a3a3255943634cd6ade1fa08d7e19144.png,,100022,,더불어민주당,,,
제22대,유상범.jpg,,,유상범,https://www.assembly.go.kr/static/portal/img/openassm/new/thumb/9d4701db5dcd4eafa39d36c1dbc44e47.jpg,,100022,,국민의힘,,,
제22대,유영하.jpg,,,유영하,https://www.assembly.go.kr/static/portal/img/openassm/new/thumb/c9167def76344dcd88bcfd20df8af621.jpg,,100022,,국민의힘,,,
제22대,유용원.jpg,,,유용원,https://www.assembly.go.kr/static/portal/img/openassm/new/thumb/b031714b64d9427ea119a6225c44bf1c.jpg,,100022,,국민의힘,,,
제22대,윤건영.jpg,,,윤건영,https://www.assembly.go.kr/static/portal/img/openassm/new/thumb/86149364515f47e0a4b1cdeaec6f19ca.jpg,,100022,,더불어민주당,,,
제22대,윤상현.png,,,윤상현,https://www.assembly.go.kr/static/portal/img/openassm/new/thumb/c55454347242441c9e75c5058f829b06.png,,100022,,국민의힘,,,
제22대,윤영석.jpg,,,윤영석,https://www.assembly.go.kr/static/portal/img/openassm/new/thumb/cb71903baa8340718ea02ae96cd6a25f.jpg,,100022,,국민의힘,,,
제22대,윤재옥.png,,,윤재옥,https://www.assembly.go.kr/static/portal/img/openassm/new/thumb/d29bdfffbe0f4525ad4b74fa9b5482e5.png,,100022,,국민의힘,,,
제22대,윤종군.jpg,,,윤종군,https://www.assembly.go.kr/static/portal/img/openassm/new/thumb/5832f8756f2d42289e17a614cbf3728a.jpg,,100022,,더불어민주당,,,
제22대,윤종오.png,,,윤종오,https://www.assembly.go.kr/static/portal/img/openassm/new/thumb/4cc7cc8814354a4b85dde1c745f33b1c.png,,100022,,진보당,,,
제22대,윤준병.jpg,,,윤준병,https://www.assembly.go.kr/static/portal/img/openassm/new/thumb/89ccbbcada844034b529603534c9ad2e.jpg,,100022,,더불어민주당,,,
제22대,윤한홍.jpg,,,윤한홍,https://www.assembly.go.kr/static/portal/img/openassm/new/thumb/d175dc8a752d47059aa74a230ee93a5c.jpg,,100022,,국민의힘,,,
제22대,윤호중.png,,,윤호중,https://www.assembly.go.kr/static/portal/img/openassm/new/thumb/a474780e3fb144e18a389ec50b76f694.png,,100022,,더불어민주당,,,
제22대,윤후덕.jpg,,,윤후덕,https://www.assembly.go.kr/static/portal/img/openassm/new/thumb/15cc6211fcf0401ea3a77571f888838e.jpg,,100022,,더불어민주당,,,
제22대,이강일.jpg,,,이강일,https://www.assembly.go.kr/static/portal/img/openassm/new/thumb/5bc4b439fc4146bf9014462d61d3625c.jpg,,100022,,더불어민주당,,,
제22대,이개호.png,,,이개호,https://www.assembly.go.kr/static/portal/img/openassm/new/thumb/ece4aba7a7854848b574f9334278b58c.png,,100022,,더불어민주당,,,
제22대,이건태.jpg,,,이건태,https://www.assembly.go.kr/static/portal/img/openassm/new/thumb/7355806cdad64eed8888ef6a17886585.jpg,,100022,,더불어민주당,,,
제22대,이광희.jpg,,,이광희,https://www.assembly.go.kr/static/portal/img/openassm/new/thumb/15418961bc6146379f22d5d43443a1a3.jpg,,100022,,더불어민주당,,,
제22대,이기헌.jpg,,,이기헌,https://www.assembly.go.kr/static/portal/img/openassm/new/thumb/d73911ce9f2247269b2f64c0c74c08d3.jpg,,100022,,더불어민주당,,,
제22대,이달희.png,,,이달희,https://www.assembly.go.kr/static/portal/img/openassm/new/thumb/65be51449b5f4f8fb007b5bf0f9bd3e2.png,,100022,,국민의힘,,,
제22대,이만희.jpg,,,이만희,https://www.assembly.go.kr/static/portal/img/openassm/new/thumb/408f525c91fc4e93aa0c766707a7d120.jpg,,100022,,국민의힘,,,
제22대,이상식.png,,,이상식,https://www.assembly.go.kr/static/portal/img/openassm/new/thumb/1e8f242b4d9043058290c44dc7f92160.png,,100022,,더불어민주당,,,
제22대,이상휘.jpg,,,이상휘,https://www.assembly.go.kr/static/portal/img/openassm/new/thumb/c1e7c786106d4b2c8ca46821554496ba.jpg,,100022,,국민의힘,,,
제22대,이성권.jpg,,,이성권,https://www.assembly.go.kr/static/portal/img/openassm/new/thumb/78f2eb1e7469435fa4460db98d0d2b0f.jpg,,100022,,국민의힘,,,
제22대,이성윤.jpg,,,이성윤,https://www.assembly.go.kr/static/portal/img/openassm/new/thumb/366e0dd9307d43d5805b07c80a5aef0c.jpg,,100022,,더불어민주당,,,
제22대,이소영.jpg,,,이소영,https://www.assembly.go.kr/static/portal/img/openassm/new/thumb/ecb476c1bd0747d8b310964db044aa9f.jpg,,100022,,더불어민주당,,,
제22대,이소희.jpg,,,이소희,https://www.assembly.go.kr/static/portal/img/openassm/MRS4949T.jpg,,100022,,국민의힘,,,
제22대,이수진.jpg,,,이수진,https://www.assembly.go.kr/static/portal/img/openassm/new/thumb/813a596915cc475d89c50722ce5764bc.jpg,,100022,,더불어민주당,,,
제22대,이양수.jpg,,,이양수,https://www.assembly.go.kr/static/portal/img/openassm/new/thumb/1496a4de2b2e4a4fb86597cef973a4a3.jpg,,100022,,국민의힘,,,
제22대,이언주.jpg,,,이언주,https://www.assembly.go.kr/static/portal/img/openassm/new/thumb/42ba0380cb4b42e9aee97f945ba89dd1.jpg,,100022,,더불어민주당,,,
제22대,이연희.jpg,,,이연희,https://www.assembly.go.kr/static/portal/img/openassm/new/thumb/2ec212451ed942b599bdb9d786e2fa17.jpg,,100022,,더불어민주당,,,
제22대,이용선.jpg,,,이용선,https://www.assembly.go.kr/static/portal/img/openassm/new/thumb/79cbe48e3fa3484fa90f07d64d3f638b.jpg,,100022,,더불어민주당,,,
제22대,이용우.png,,,이용우,https://www.assembly.go.kr/static/portal/img/openassm/new/thumb/25f7c40715b44561b1d8662afca0ed64.png,,100022,,더불어민주당,,,
제22대,이원택.png,,,이원택,https://www.assembly.go.kr/static/portal/img/openassm/new/thumb/a5f99566188b43f090743efb17723e74.png,,100022,,더불어민주당,,,
제22대,이인선.jpg,,,이인선,https://www.assembly.go.kr/static/portal/img/openassm/new/thumb/f7214149825143218b24268f4de14974.jpg,,100022,,국민의힘,,,
제22대,이인영.png,,,이인영,https://www.assembly.go.kr/static/portal/img/openassm/new/thumb/b84f1139ee484de5a94962ac9bcff09b.png,,100022,,더불어민주당,,,
제22대,이재강.png,,,이재강,https://www.assembly.go.kr/static/portal/img/openassm/new/thumb/70bed9c0e202428fa3a36fb86c6d5398.png,,100022,,더불어민주당,,,
제22대,이재관.jpg,,,이재관,https://www.assembly.go.kr/static/portal/img/openassm/new/thumb/441f4017e95540d88bb05df0b767e7cd.jpg,,100022,,더불어민주당,,,
제22대,이재정.png,,,이재정,https://www.assembly.go.kr/static/portal/img/openassm/new/thumb/d2583bbfba324a87b5b0e112316e16b8.png,,100022,,더불어민주당,,,
제22대,이정문.png,,,이정문,https://www.assembly.go.kr/static/portal/img/openassm/new/thumb/e9e80a7f853440fbae403bdc797d44fe.png,,100022,,더불어민주당,,,
제22대,이정헌.png,,,이정헌,https://www.assembly.go.kr/static/portal/img/openassm/new/thumb/7c68150569c741f79fd55986f59991b1.png,,100022,,더불어민주당,,,
제22대,이종배.png,,,이종배,https://www.assembly.go.kr/static/portal/img/openassm/new/thumb/1a333609d12f4175be43c95f32c57886.png,,100022,,국민의힘,,,
제22대,이종욱.png,,,이종욱,https://www.assembly.go.kr/static/portal/img/openassm/new/thumb/28fa12120325440fbd63d9953bcfa03f.png,,100022,,국민의힘,,,
제22대,이주영.jpg,,,이주영,https://www.assembly.go.kr/static/portal/img/openassm/new/thumb/7ef5ba97fc634bb3a522cae7dc53fc0c.jpg,,100022,,개혁신당,,,
제22대,이주희.jpg,,,이주희,https://www.assembly.go.kr/static/portal/img/openassm/new/thumb/bb77dacbd4964ba3a9492bddcdcfe7cc.jpg,,100022,,더불어민주당,,,
제22대,이준석.jpg,,,이준석,https://www.assembly.go.kr/static/portal/img/openassm/new/thumb/f150e375dc4a4a05b0c99ae1a313b432.jpg,,100022,,개혁신당,,,
제22대,이철규.jpg,,,이철규,https://www.assembly.go.kr/static/portal/img/openassm/new/thumb/605672fb126e40f5af71254fa546f3cd.jpg,,100022,,국민의힘,,,
제22대,이춘석.jpg,,,이춘석,https://www.assembly.go.kr/static/portal/img/openassm/new/thumb/d4c21d5cd5284c7583908d8c7692aec6.jpg,,100022,,무소속,,,
제22대,이학영.png,,,이학영,https://www.assembly.go.kr/static/portal/img/openassm/new/thumb/ef7ee584293c4134b263ebfc7cbf4a2d.png,,100022,,더불어민주당,,,
제22대,이해민.png,,,이해민,https://www.assembly.go.kr/static/portal/img/openassm/new/thumb/daea8ffe45ce4baca4b3ddabd5967322.png,,100022,,조국혁신당,,,
제22대,이해식.jpg,,,이해식,https://www.assembly.go.kr/static/portal/img/openassm/new/thumb/931541823bd142f090e3b63461bbe976.jpg,,100022,,더불어민주당,,,
제22대,이헌승.jpg,,,이헌승,https://www.assembly.go.kr/static/portal/img/openassm/new/thumb/e850e8db958c416bb749d3a5c77c55ae.jpg,,100022,,국민의힘,,,
제22대,이훈기.jpg,,,이훈기,https://www.assembly.go.kr/static/portal/img/openassm/new/thumb/ece0e563880b4537a847dd2a22a9a478.jpg,,100022,,더불어민주당,,,
제22대,임미애.png,,,임미애,https://www.assembly.go.kr/static/portal/img/openassm/new/thumb/7181892839544a728a62343111231bf7.png,,100022,,더불어민주당,,,
제22대,임오경.jpg,,,임오경,https://www.assembly.go.kr/static/portal/img/openassm/new/thumb/ccf42d7a80b54c5f86bc3f9dcd544a99.jpg,,100022,,더불어민주당,,,
제22대,임이자.png,,,임이자,https://www.assembly.go.kr/static/portal/img/openassm/new/thumb/c7818d8fbee2421b93382a592e6f096e.png,,100022,,국민의힘,,,
제22대,임종득.jpg,,,임종득,https://www.assembly.go.kr/static/portal/img/openassm/new/thumb/2428b9f1f3534b0fa71adf578e168d6c.jpg,,100022,,국민의힘,,,
제22대,임호선.png,,,임호선,https://www.assembly.go.kr/static/portal/img/openassm/new/thumb/0bb103b226db4ab6945d9108ccd4d72d.png,,100022,,더불어민주당,,,
제22대,장경태.jpg,,,장경태,https://www.assembly.go.kr/static/portal/img/openassm/new/thumb/efaef493a77043fd87f6c3ef1077bafd.jpg,,100022,,더불어민주당,,,
제22대,장동혁.png,,,장동혁,https://www.assembly.go.kr/static/portal/img/openassm/new/thumb/b2f14aea45064028b066431bce8d2d54.png,,100022,,국민의힘,,,
제22대,장종태.jpg,,,장종태,https://www.assembly.go.kr/static/portal/img/openassm/new/thumb/d8a1c67d7d8245e9bfe3cd037c809e49.jpg,,100022,,더불어민주당,,,
제22대,장철민.jpg,,,장철민,https://www.assembly.go.kr/static/portal/img/openassm/new/thumb/e37f006d030a4d14b04f17a0de512540.jpg,,100022,,더불어민주당,,,
제22대,전용기.jpg,,,전용기,https://www.assembly.go.kr/static/portal/img/openassm/new/thumb/a1d9b90aba4145489d843bc040429d2a.jpg,,100022,,더불어민주당,,,
제22대,전재수.jpg,,,전재수,https://www.assembly.go.kr/static/portal/img/openassm/new/thumb/98a995d70d4c4c7381d92d701f67ee97.jpg,,100022,,더불어민주당,,,
제22대,전종덕.png,,,전종덕,https://www.assembly.go.kr/static/portal/img/openassm/new/thumb/03451d7c87ab45a79b703e74ab36cfa3.png,,100022,,진보당,,,
제22대,전진숙.jpg,,,전진숙,https://www.assembly.go.kr/static/portal/img/openassm/new/thumb/96be0f17dc92446d9570067f9b664a5a.jpg,,100022,,더불어민주당,,,
제22대,전현희.png,,,전현희,https://www.assembly.go.kr/static/portal/img/openassm/new/thumb/4096501555d84d9bb2ac94a9597498a8.png,,100022,,더불어민주당,,,
제22대,정동만.jpg,,,정동만,https://www.assembly.go.kr/static/portal/img/openassm/new/thumb/4d3fb96df94348cbaf03b2f55604a407.jpg,,100022,,국민의힘,,,
제22대,정동영.jpg,,,정동영,https://www.assembly.go.kr/static/portal/img/openassm/new/thumb/079746ae718f4704b90a40bdc73d51bd.jpg,,100022,,더불어민주당,,,
제22대,정성국.jpg,,,정성국,https://www.assembly.go.kr/static/portal/img/openassm/new/thumb/a02c8dbf04f44c91a1ef88b432f9e220.jpg,,100022,,국민의힘,,,
제22대,정성호.jpg,,,정성호,https://www.assembly.go.kr/static/portal/img/openassm/new/thumb/9f5c026063fb44a6b8d81ccd0f9a7ac3.jpg,,100022,,더불어민주당,,,
제22대,정연욱.jpg,,,정연욱,https://www.assembly.go.kr/static/portal/img/openassm/new/thumb/d43e70cb8c88464e95f82b0f28a4ac5e.jpg,,100022,,국민의힘,,,
제22대,정을호.jpg,,,정을호,https://www.assembly.go.kr/static/portal/img/openassm/new/thumb/7a58cc1fd8ef499c82bb7bff4ac5fc2a.jpg,,100022,,더불어민주당,,,
제22대,정일영.jpg,,,정일영,https://www.assembly.go.kr/static/portal/img/openassm/new/thumb/e1dca300e9d74ec0a5dfaca85efdfe61.jpg,,100022,,더불어민주당,,,
제22대,정점식.jpg,,,정점식,https://www.assembly.go.kr/static/portal/img/openassm/new/thumb/a50392c4f73b4699bed10d70dccf5ae2.jpg,,100022,,국민의힘,,,
제22대,정준호.png,,,정준호,https://www.assembly.go.kr/static/portal/img/openassm/new/thumb/6512064ea8134ead84f060a0dc3268e7.png,,100022,,더불어민주당,,,
제22대,정진욱.jpg,,,정진욱,https://www.assembly.go.kr/static/portal/img/openassm/new/thumb/67b4125f7c1443eabf80267dcb82e2e9.jpg,,100022,,더불어민주당,,,
제22대,정청래.jpg,,,정청래,https://www.assembly.go.kr/static/portal/img/openassm/new/thumb/9f6decd03010411db7bf51e526fbf348.jpg,,100022,,더불어민주당,,,
제22대,정춘생.jpg,,,정춘생,https://www.assembly.go.kr/static/portal/img/openassm/new/thumb/69ac62e637b447b6a7ada23613cb4193.jpg,,100022,,조국혁신당,,,
제22대,정태호.png,,,정태호,https://www.assembly.go.kr/static/portal/img/openassm/new/thumb/4102e3f5e32448a890f3f213bc0976ae.png,,100022,,더불어민주당,,,
제22대,정혜경.jpg,,,정혜경,https://www.assembly.go.kr/static/portal/img/openassm/new/thumb/baa473cf4afa4eada10f1f4526432e8e.jpg,,100022,,진보당,,,
제22대,정희용.png,,,정희용,https://www.assembly.go.kr/static/portal/img/openassm/new/thumb/0d948db5655245a6afac2fa7beb66e81.png,,100022,,국민의힘,,,
제22대,조경태.jpg,,,조경태,https://www.assembly.go.kr/static/portal/img/openassm/new/thumb/979f97345f794d5892e7b8cff8a7aa45.jpg,,100022,,국민의힘,,,
제22대,조계원.png,,,조계원,https://www.assembly.go.kr/static/portal/img/openassm/new/thumb/7b4eedcf7c2d4b9a8792f7ba5d0103a6.png,,100022,,더불어민주당,,,
제22대,조배숙.jpg,,,조배숙,https://www.assembly.go.kr/static/portal/img/openassm/new/thumb/4927504637a6435c84ff327c77eaf735.jpg,,100022,,국민의힘,,,
제22대,조승래.jpg,,,조승래,https://www.assembly.go.kr/static/portal/img/openassm/new/thumb/9e7bee59f70f453e9fad4939bd7f72c2.jpg,,100022,,더불어민주당,,,
제22대,조승환.jpg,,,조승환,https://www.assembly.go.kr/static/portal/img/openassm/new/thumb/c4da5dd92ac649af8262ead37610dc29.jpg,,100022,,국민의힘,,,
제22대,조은희.jpg,,,조은희,https://www.assembly.go.kr/static/portal/img/openassm/new/thumb/67f9e0c2b48249b3b008743913f7ca25.jpg,,100022,,국민의힘,,,
제22대,조인철.png,,,조인철,https://www.assembly.go.kr/static/portal/img/openassm/new/thumb/264a103fd8ca4218be7239d650d86011.png,,100022,,더불어민주당,,,
제22대,조정식.jpg,,,조정식,https://www.assembly.go.kr/static/portal/img/openassm/new/thumb/340424a491b7497cbfee7a446cdcbaa3.jpg,,100022,,더불어민주당,,,
제22대,조정훈.jpg,,,조정훈,https://www.assembly.go.kr/static/portal/img/openassm/new/thumb/adbf0bf5375e47fba83d7834d3e70a0d.jpg,,100022,,국민의힘,,,
제22대,조지연.png,,,조지연,https://www.assembly.go.kr/static/portal/img/openassm/new/thumb/56eed1de2412435f98a26e9318f5eb96.png,,100022,,국민의힘,,,
제22대,주진우.JPG,,,주진우,https://www.assembly.go.kr/static/portal/img/openassm/new/thumb/15ec75dba7fc4dd090fae8b3a13e05c0.JPG,,100022,,국민의힘,,,
제22대,주철현.jpg,,,주철현,https://www.assembly.go.kr/static/portal/img/openassm/new/thumb/7a6b0d6426f6474e9e2ec55ff6f18045.jpg,,100022,,더불어민주당,,,
제22대,주호영.jpg,,,주호영,https://www.assembly.go.kr/static/portal/img/openassm/new/thumb/18605df0f43547089061fa7f6a63f311.jpg,,100022,,국민의힘,,,
제22대,진선미.png,,,진선미,https://www.assembly.go.kr/static/portal/img/openassm/new/thumb/fc074bddf5af4c0d9722b31dffad6f87.png,,100022,,더불어민주당,,,
제22대,진성준.jpg,,,진성준,https://www.assembly.go.kr/static/portal/img/openassm/new/thumb/6b3400f4040e4d6bb354d1f758717055.jpg,,100022,,더불어민주당,,,
제22대,진종오.jpg,,,진종오,https://www.assembly.go.kr/static/portal/img/openassm/new/thumb/c39a39eef1a54ac79afc0124ac6a1598.jpg,,100022,,국민의힘,,,
제22대,차규근.jpg,,,차규근,https://www.assembly.go.kr/static/portal/img/openassm/new/thumb/b0844cd3027340e58a98404b7cc979ce.jpg,,100022,,조국혁신당,,,
제22대,차지호.jpg,,,차지호,https://www.assembly.go.kr/static/portal/img/openassm/new/thumb/8cc552a68fa24bdf9a8df0dcbd9b0311.jpg,,100022,,더불어민주당,,,
제22대,채현일.jpg,,,채현일,https://www.assembly.go.kr/static/portal/img/openassm/new/thumb/8882bbc77730433ab09ebfec08f32bb8.jpg,,100022,,더불어민주당,,,
제22대,천준호.jpg,,,천준호,https://www.assembly.go.kr/static/portal/img/openassm/new/thumb/1ecd18672c604ef5a6c90dd06133006e.jpg,,100022,,더불어민주당,,,
제22대,천하람.png,,,천하람,https://www.assembly.go.kr/static/portal/img/openassm/new/thumb/c53e6e6ba35148d9bd27bf1ae2dc4083.png,,100022,,개혁신당,,,
제22대,최기상.PNG,,,최기상,https://www.assembly.go.kr/static/portal/img/openassm/new/thumb/d1a177cb53a84663853ccaba458d0fcd.PNG,,100022,,더불어민주당,,,
제22대,최민희.png,,,최민희,https://www.assembly.go.kr/static/portal/img/openassm/new/thumb/0797d25588a14280a94de3bbe12ca8eb.png,,100022,,더불어민주당,,,
제22대,최보윤.png,,,최보윤,https://www.assembly.go.kr/static/portal/img/openassm/new/thumb/084ad27bfd414d249c73484f8a1abe40.png,,100022,,국민의힘,,,
제22대,최수진.jpg,,,최수진,https://www.assembly.go.kr/static/portal/img/openassm/new/thumb/d3ffe855a57d42f081174b0858da1a91.jpg,,100022,,국민의힘,,,
제22대,최은석.png,,,최은석,https://www.assembly.go.kr/static/portal/img/openassm/new/thumb/9434f70d32fa4f5d9fdf1765e541b175.png,,100022,,국민의힘,,,
제22대,최혁진.jpg,,,최혁진,https://www.assembly.go.kr/static/portal/img/openassm/new/thumb/1d9a03dadae24c80b84c737608798be6.jpg,,100022,,무소속,,,
제22대,최형두.png,,,최형두,https://www.assembly.go.kr/static/portal/img/openassm/new/thumb/4b60f3b64a954010ab1642dd95dfa69a.png,,100022,,국민의힘,,,
제22대,추경호.png,,,추경호,https://www.assembly.go.kr/static/portal/img/openassm/new/thumb/c7d6cfa2eaa14041bb6408aba44ae0ab.png,,100022,,국민의힘,,,
제22대,추미애.jpg,,,추미애,https://www.assembly.go.kr/static/portal/img/openassm/new/thumb/32d2f7972ee74ef08f87e39f7e0db0e7.jpg,,100022,,더불어민주당,,,
제22대,한기호.png,,,한기호,https://www.assembly.go.kr/static/portal/img/openassm/new/thumb/9bb2d649d55a495d99c6750cc124e5bf.png,,100022,,국민의힘,,,
제22대,한민수.png,,,한민수,https://www.assembly.go.kr/static/portal/img/openassm/new/thumb/005a3d5dd9ea4299a1d3e4c457395e9a.png,,100022,,더불어민주당,,,
제22대,한병도.jpg,,,한병도,https://www.assembly.go.kr/static/portal/img/openassm/new/thumb/a7695c6d5955474aa1962ffcaabcf804.jpg,,100022,,더불어민주당,,,
제22대,한정애.jpg,,,한정애,https://www.assembly.go.kr/static/portal/img/openassm/new/thumb/7b04f535d62d401da2af886555ee4e4f.jpg,,100022,,더불어민주당,,,
제22대,한준호.jpg,,,한준호,https://www.assembly.go.kr/static/portal/img/openassm/new/thumb/b5057465eeae44a38be3efb878ac21aa.jpg,,100022,,더불어민주당,,,
제22대,한지아.jpg,,,한지아,https://www.assembly.go.kr/static/portal/img/openassm/new/thumb/5156034c3ba143c3bae113a864791bcd.jpg,,100022,,국민의힘,,,
제22대,한창민.png,,,한창민,https://www.assembly.go.kr/static/portal/img/openassm/new/thumb/7d13fce5339741b6a51b3dfddb37e866.png,,100022,,사회민주당,,,
제22대,허성무.jpg,,,허성무,https://www.assembly.go.kr/static/portal/img/openassm/new/thumb/f7e7a709f5454ca7b4c838506b1e004f.jpg,,100022,,더불어민주당,,,
제22대,허영.png,,,허영,https://www.assembly.go.kr/static/portal/img/openassm/new/thumb/52e5baf2188242e8b7688e9ca3748bab.png,,100022,,더불어민주당,,,
제22대,허종식.jpg,,,허종식,https://www.assembly.go.kr/static/portal/img/openassm/new/thumb/339cde11231c491fa74e47d685b0dbc4.jpg,,100022,,더불어민주당,,,
제22대,홍기원.jpg,,,홍기원,https://www.assembly.go.kr/static/portal/img/openassm/new/thumb/5bc90241361f4d89b8c647297d88f394.jpg,,100022,,더불어민주당,,,
제22대,황명선.jpg,,,황명선,https://www.assembly.go.kr/static/portal/img/openassm/new/thumb/1656aae7b6f041d292ed503036fe0071.jpg,,100022,,더불어민주당,,,
제22대,황운하.jpg,,,황운하,https://www.assembly.go.kr/static/portal/img/openassm/new/thumb/06c8428e6785477abb1f105fa11685b4.jpg,,100022,,조국혁신당,,,
제22대,황정아.jpg,,,황정아,https://www.assembly.go.kr/static/portal/img/openassm/new/thumb/3fb9d9e029ee438c9ad6c9050c36feee.jpg,,100022,,더불어민주당,,,
제22대,황희.jpg,,,황희,https://www.assembly.go.kr/static/portal/img/openassm/new/thumb/99e78cb9dfd447fb8ef4bb0dfb51b79c.jpg,,100022,,더불어민주당,,,
